{"cameraMode":{"drawMode":0,"name":"Shaded","section":"Shading Mode"},"sceneLighting":true,"audioPlay":false,"sceneViewState":{"m_AlwaysRefresh":false,"showFog":true,"showSkybox":true,"showFlares":true,"showImageEffects":true,"showParticleSystems":true,"showVisualEffectGraphs":true,"m_FxEnabled":true},"in2DMode":false,"pivot":{"x":245.36322021484376,"y":-186.9485626220703,"z":-695.59716796875},"rotation":{"x":-0.0003236741467844695,"y":-0.9935211539268494,"z":0.11406678706407547,"w":-0.0026874751783907415},"size":419.4773864746094,"orthographic":false}